frequency2,S11_C,S21_C
20.5,-0.022116133,-50.53657803
20.5025,-0.022186322,-50.44647885
20.505,-0.022256995,-50.35622871
20.5075,-0.022328157,-50.26582701
20.51,-0.02239981,-50.17527315
20.5125,-0.022471959,-50.08456652
20.515,-0.022544608,-49.9937065
20.5175,-0.02261776,-49.90269249
20.52,-0.02269142,-49.81152387
20.5225,-0.02276559,-49.72020001
20.525,-0.022840277,-49.6287203
20.5275,-0.022915483,-49.53708409
20.53,-0.022991212,-49.44529075
20.5325,-0.023067469,-49.35333965
20.535,-0.023144259,-49.26123015
20.5375,-0.023221586,-49.16896159
20.54,-0.023299453,-49.07653333
20.5425,-0.023377866,-48.98394471
20.545,-0.02345683,-48.89119507
20.5475,-0.023536348,-48.79828376
20.55,-0.023616426,-48.70521009
20.5525,-0.023697069,-48.61197341
20.555,-0.02377828,-48.51857303
20.5575,-0.023860067,-48.42500827
20.56,-0.023942432,-48.33127845
20.5625,-0.024025382,-48.23738288
20.565,-0.024108922,-48.14332086
20.5675,-0.024193057,-48.0490917
20.57,-0.024277792,-47.95469468
20.5725,-0.024363133,-47.86012911
20.575,-0.024449085,-47.76539427
20.5775,-0.024535655,-47.67048944
20.58,-0.024622847,-47.5754139
20.5825,-0.024710668,-47.48016692
20.585,-0.024799124,-47.38474777
20.5875,-0.02488822,-47.28915571
20.59,-0.024977963,-47.19339
20.5925,-0.025068358,-47.0974499
20.595,-0.025159413,-47.00133464
20.5975,-0.025251134,-46.90504348
20.6,-0.025343527,-46.80857564
20.6025,-0.025436598,-46.71193037
20.605,-0.025530355,-46.61510689
20.6075,-0.025624805,-46.51810442
20.61,-0.025719954,-46.42092217
20.6125,-0.02581581,-46.32355936
20.615,-0.02591238,-46.22601519
20.6175,-0.026009671,-46.12828886
20.62,-0.02610769,-46.03037957
20.6225,-0.026206445,-45.9322865
20.625,-0.026305945,-45.83400884
20.6275,-0.026406196,-45.73554576
20.63,-0.026507207,-45.63689644
20.6325,-0.026608987,-45.53806004
20.635,-0.026711542,-45.43903571
20.6375,-0.026814882,-45.33982262
20.64,-0.026919015,-45.24041992
20.6425,-0.027023951,-45.14082673
20.645,-0.027129697,-45.0410422
20.6475,-0.027236263,-44.94106546
20.65,-0.027343658,-44.84089562
20.6525,-0.027451892,-44.74053181
20.655,-0.027560974,-44.63997314
20.6575,-0.027670913,-44.5392187
20.66,-0.02778172,-44.4382676
20.6625,-0.027893405,-44.33711893
20.665,-0.028005978,-44.23577177
20.6675,-0.028119449,-44.1342252
20.67,-0.028233829,-44.03247828
20.6725,-0.028349129,-43.93053008
20.675,-0.02846536,-43.82837967
20.6775,-0.028582534,-43.72602608
20.68,-0.028700661,-43.62346836
20.6825,-0.028819753,-43.52070555
20.685,-0.028939822,-43.41773667
20.6875,-0.029060881,-43.31456074
20.69,-0.029182941,-43.21117679
20.6925,-0.029306016,-43.1075838
20.695,-0.029430118,-43.0037808
20.6975,-0.02955526,-42.89976675
20.7,-0.029681456,-42.79554066
20.7025,-0.029808719,-42.69110149
20.705,-0.029937063,-42.58644821
20.7075,-0.030066502,-42.48157979
20.71,-0.030197051,-42.37649517
20.7125,-0.030328724,-42.27119329
20.715,-0.030461537,-42.1656731
20.7175,-0.030595505,-42.05993353
20.72,-0.030730643,-41.95397348
20.7225,-0.030866967,-41.84779188
20.725,-0.031004494,-41.74138763
20.7275,-0.031143241,-41.63475961
20.73,-0.031283224,-41.52790672
20.7325,-0.03142446,-41.42082783
20.735,-0.031566968,-41.31352181
20.7375,-0.031710765,-41.20598752
20.74,-0.03185587,-41.09822381
20.7425,-0.032002302,-40.99022951
20.745,-0.03215008,-40.88200347
20.7475,-0.032299224,-40.7735445
20.75,-0.032449753,-40.66485141
20.7525,-0.032601689,-40.55592302
20.755,-0.032755052,-40.4467581
20.7575,-0.032909864,-40.33735546
20.76,-0.033066147,-40.22771385
20.7625,-0.033223923,-40.11783205
20.765,-0.033383215,-40.0077088
20.7675,-0.033544046,-39.89734286
20.77,-0.033706442,-39.78673296
20.7725,-0.033870425,-39.67587782
20.775,-0.034036021,-39.56477615
20.7775,-0.034203256,-39.45342665
20.78,-0.034372156,-39.34182802
20.7825,-0.034542748,-39.22997894
20.785,-0.03471506,-39.11787808
20.7875,-0.034889119,-39.0055241
20.79,-0.035064954,-38.89291563
20.7925,-0.035242596,-38.78005133
20.795,-0.035422074,-38.66692982
20.7975,-0.035603419,-38.5535497
20.8,-0.035786662,-38.43990958
20.8025,-0.035971837,-38.32600805
20.805,-0.036158977,-38.21184369
20.8075,-0.036348115,-38.09741506
20.81,-0.036539287,-37.98272072
20.8125,-0.036732529,-37.86775921
20.815,-0.036927876,-37.75252905
20.8175,-0.037125368,-37.63702877
20.82,-0.037325042,-37.52125686
20.8225,-0.037526938,-37.40521182
20.825,-0.037731096,-37.28889213
20.8275,-0.037937559,-37.17229624
20.83,-0.038146369,-37.05542261
20.8325,-0.038357569,-36.93826967
20.835,-0.038571206,-36.82083586
20.8375,-0.038787325,-36.70311958
20.84,-0.039005973,-36.58511922
20.8425,-0.0392272,-36.46683317
20.845,-0.039451054,-36.34825979
20.8475,-0.039677589,-36.22939744
20.85,-0.039906856,-36.11024446
20.8525,-0.040138909,-35.99079917
20.855,-0.040373805,-35.87105988
20.8575,-0.0406116,-35.75102488
20.86,-0.040852354,-35.63069245
20.8625,-0.041096127,-35.51006086
20.865,-0.041342981,-35.38912834
20.8675,-0.04159298,-35.26789315
20.87,-0.04184619,-35.14635348
20.8725,-0.042102679,-35.02450754
20.875,-0.042362516,-34.90235351
20.8775,-0.042625772,-34.77988957
20.88,-0.042892523,-34.65711385
20.8825,-0.043162843,-34.5340245
20.885,-0.04343681,-34.41061962
20.8875,-0.043714506,-34.28689733
20.89,-0.043996013,-34.16285569
20.8925,-0.044281416,-34.03849278
20.895,-0.044570804,-33.91380664
20.8975,-0.044864266,-33.7887953
20.9,-0.045161897,-33.66345676
20.9025,-0.045463793,-33.53778903
20.905,-0.045770052,-33.41179008
20.9075,-0.046080777,-33.28545785
20.91,-0.046396074,-33.15879028
20.9125,-0.046716052,-33.0317853
20.915,-0.047040822,-32.90444079
20.9175,-0.0473705,-32.77675464
20.92,-0.047705207,-32.6487247
20.9225,-0.048045065,-32.5203488
20.925,-0.048390202,-32.39162478
20.9275,-0.048740748,-32.26255042
20.93,-0.049096841,-32.1331235
20.9325,-0.04945862,-32.00334178
20.935,-0.04982623,-31.87320298
20.9375,-0.050199821,-31.74270483
20.94,-0.050579548,-31.61184502
20.9425,-0.050965569,-31.48062121
20.945,-0.051358051,-31.34903106
20.9475,-0.051757165,-31.21707219
20.95,-0.052163087,-31.0847422
20.9525,-0.052576,-30.95203868
20.955,-0.052996093,-30.81895918
20.9575,-0.053423561,-30.68550125
20.96,-0.053858608,-30.55166239
20.9625,-0.054301442,-30.4174401
20.965,-0.054752282,-30.28283184
20.9675,-0.05521135,-30.14783505
20.97,-0.055678881,-30.01244716
20.9725,-0.056155115,-29.87666556
20.975,-0.056640302,-29.74048762
20.9775,-0.0571347,-29.60391068
20.98,-0.057638578,-29.46693208
20.9825,-0.058152213,-29.3295491
20.985,-0.058675894,-29.19175903
20.9875,-0.059209921,-29.0535591
20.99,-0.059754602,-28.91494655
20.9925,-0.060310259,-28.77591856
20.995,-0.060877226,-28.63647232
20.9975,-0.061455849,-28.49660496
21,-0.062046488,-28.35631362
21.0025,-0.062649516,-28.21559538
21.005,-0.06326532,-28.07444733
21.0075,-0.063894303,-27.93286649
21.01,-0.064536883,-27.7908499
21.0125,-0.065193493,-27.64839454
21.015,-0.065864586,-27.50549738
21.0175,-0.06655063,-27.36215537
21.02,-0.067252113,-27.21836542
21.0225,-0.067969542,-27.07412443
21.025,-0.068703444,-26.92942924
21.0275,-0.069454368,-26.78427672
21.03,-0.070222885,-26.63866366
21.0325,-0.071009588,-26.49258686
21.035,-0.071815095,-26.34604309
21.0375,-0.07264005,-26.19902908
21.04,-0.073485122,-26.05154154
21.0425,-0.07435101,-25.90357717
21.045,-0.075238439,-25.75513264
21.0475,-0.076148168,-25.60620458
21.05,-0.077080984,-25.45678962
21.0525,-0.07803771,-25.30688435
21.055,-0.079019204,-25.15648535
21.0575,-0.080026358,-25.00558918
21.06,-0.081060105,-24.85419236
21.0625,-0.082121417,-24.70229141
21.065,-0.083211308,-24.54988283
21.0675,-0.084330836,-24.39696309
21.07,-0.085481107,-24.24352864
21.0725,-0.086663273,-24.08957592
21.075,-0.087878538,-23.93510138
21.0775,-0.08912816,-23.7801014
21.08,-0.090413452,-23.6245724
21.0825,-0.091735787,-23.46851076
21.085,-0.093096598,-23.31191285
21.0875,-0.094497385,-23.15477505
21.09,-0.095939715,-22.99709372
21.0925,-0.097425225,-22.8388652
21.095,-0.09895563,-22.68008587
21.0975,-0.100532722,-22.52075207
21.1,-0.102158376,-22.36086016
21.1025,-0.103834556,-22.20040649
21.105,-0.105563316,-22.03938744
21.1075,-0.107346807,-21.87779938
21.11,-0.10918728,-21.71563871
21.1125,-0.111087095,-21.55290183
21.115,-0.113048724,-21.38958516
21.1175,-0.115074755,-21.22568517
21.12,-0.117167902,-21.06119833
21.1225,-0.11933101,-20.89612115
21.125,-0.121567061,-20.73045019
21.1275,-0.123879182,-20.56418204
21.13,-0.126270655,-20.39731334
21.1325,-0.128744919,-20.22984078
21.135,-0.131305587,-20.06176112
21.1375,-0.133956448,-19.89307119
21.14,-0.136701481,-19.72376788
21.1425,-0.139544863,-19.55384816
21.145,-0.14249098,-19.38330911
21.1475,-0.14554444,-19.21214788
21.15,-0.148710084,-19.04036176
21.1525,-0.151992997,-18.86794813
21.155,-0.155398527,-18.6949045
21.1575,-0.158932292,-18.52122854
21.16,-0.1626002,-18.34691805
21.1625,-0.166408465,-18.17197101
21.165,-0.170363621,-17.99638555
21.1675,-0.174472545,-17.82016002
21.17,-0.178742468,-17.64329296
21.1725,-0.183181004,-17.46578313
21.175,-0.187796166,-17.28762956
21.1775,-0.192596389,-17.10883149
21.18,-0.197590554,-16.92938849
21.1825,-0.202788017,-16.74930038
21.185,-0.208198628,-16.56856734
21.1875,-0.213832768,-16.38718987
21.19,-0.219701372,-16.20516887
21.1925,-0.225815963,-16.02250559
21.195,-0.232188688,-15.83920175
21.1975,-0.238832349,-15.6552595
21.2,-0.245760443,-15.47068149
21.2025,-0.2529872,-15.28547088
21.205,-0.260527627,-15.09963139
21.2075,-0.26839755,-14.91316733
21.21,-0.276613661,-14.72608367
21.2125,-0.285193568,-14.53838603
21.215,-0.294155846,-14.35008075
21.2175,-0.303520091,-14.16117497
21.22,-0.313306981,-13.97167662
21.2225,-0.323538332,-13.78159451
21.225,-0.334237164,-13.59093841
21.2275,-0.345427772,-13.39971903
21.23,-0.357135789,-13.20794816
21.2325,-0.369388268,-13.01563872
21.235,-0.382213755,-12.82280479
21.2375,-0.395642372,-12.62946171
21.24,-0.409705906,-12.43562617
21.2425,-0.424437892,-12.24131626
21.245,-0.439873713,-12.04655158
21.2475,-0.456050695,-11.8513533
21.25,-0.473008207,-11.65574426
21.2525,-0.49078777,-11.45974908
21.255,-0.509433165,-11.26339424
21.2575,-0.528990547,-11.06670818
21.26,-0.549508564,-10.86972141
21.2625,-0.571038474,-10.67246663
21.265,-0.593634274,-10.47497879
21.2675,-0.617352826,-10.27729528
21.27,-0.642253983,-10.07945597
21.2725,-0.668400729,-9.88150336
21.275,-0.695859306,-9.683482709
21.2775,-0.724699352,-9.48544212
21.28,-0.754994034,-9.287432674
21.2825,-0.786820185,-9.089508539
21.285,-0.820258434,-8.891727084
21.2875,-0.855393333,-8.694148983
21.29,-0.892313488,-8.496838315
21.2925,-0.931111673,-8.299862667
21.295,-0.971884942,-8.103293209
21.2975,-1.014734733,-7.907204778
21.3,-1.059766958,-7.711675936
21.3025,-1.107092082,-7.516789019
21.305,-1.156825182,-7.322630169
21.3075,-1.209085991,-7.129289344
21.31,-1.263998923,-6.936860304
21.3125,-1.321693071,-6.745440579
21.315,-1.38230218,-6.555131401
21.3175,-1.445964591,-6.366037605
21.32,-1.512823155,-6.178267507
21.3225,-1.583025111,-5.991932733
21.325,-1.656721927,-5.807148011
21.3275,-1.734069106,-5.62403093
21.33,-1.815225943,-5.442701645
21.3325,-1.900355248,-5.263282541
21.335,-1.989623023,-5.085897854
21.3375,-2.08319809,-4.910673234
21.34,-2.181251686,-4.737735272
21.3425,-2.283957006,-4.567210975
21.345,-2.391488708,-4.3992272
21.3475,-2.504022386,-4.233910035
21.35,-2.621734004,-4.071384161
21.3525,-2.744799301,-3.911772162
21.355,-2.873393181,-3.755193815
21.3575,-3.007689083,-3.601765363
21.36,-3.147858345,-3.451598766
21.3625,-3.294069576,-3.304800958
21.365,-3.446488032,-3.161473097
21.3675,-3.605275031,-3.021709843
21.37,-3.770587387,-2.885598655
21.3725,-3.942576903,-2.753219123
21.375,-4.121389921,-2.624642354
21.3775,-4.307166937,-2.499930412
21.38,-4.500042302,-2.379135824
21.3825,-4.700144014,-2.262301163
21.385,-4.907593603,-2.149458719
21.3875,-5.122506138,-2.040630251
21.39,-5.344990331,-1.935826841
21.3925,-5.575148775,-1.835048844
21.395,-5.813078292,-1.73828593
21.3975,-6.058870413,-1.645517231
21.4,-6.312611982,-1.55671158
21.4025,-6.574385873,-1.471827834
21.405,-6.844271839,-1.390815291
21.4075,-7.122347471,-1.313614176
21.41,-7.408689272,-1.240156196
21.4125,-7.703373835,-1.170365156
21.415,-8.006479135,-1.104157618
21.4175,-8.318085908,-1.0414436
21.42,-8.638279138,-0.982127302
21.4225,-8.967149639,-0.926107848
21.425,-9.304795723,-0.873280027
21.4275,-9.651324986,-0.823535042
21.43,-10.00685618,-0.776761232
21.4325,-10.3715212,-0.732844789
21.435,-10.74546723,-0.691670432
21.4375,-11.12885895,-0.653122058
21.44,-11.52188101,-0.617083351
21.4425,-11.92474063,-0.58343835
21.445,-12.33767043,-0.552071971
21.4475,-12.76093154,-0.522870481
21.45,-13.19481705,-0.495721931
21.4525,-13.63965578,-0.470516537
21.455,-14.09581662,-0.447147008
21.4575,-14.56371331,-0.425508846
21.46,-15.04380996,-0.405500581
21.4625,-15.53662742,-0.38702398
21.465,-16.04275051,-0.36998421
21.4675,-16.56283663,-0.354289964
21.47,-17.09762575,-0.339853554
21.4725,-17.64795226,-0.326590974
21.475,-18.21475911,-0.314421935
21.4775,-18.79911478,-0.303269871
21.48,-19.40223384,-0.293061924
21.4825,-20.02550199,-0.283728913
21.485,-20.670507,-0.275205281
21.4875,-21.33907704,-0.267429026
21.49,-22.03332886,-0.260341627
21.4925,-22.75572889,-0.253887946
21.495,-23.50917166,-0.248016138
21.4975,-24.29708178,-0.242677538
21.5,-25.12354837,-0.237826553
21.5025,-25.9935052,-0.233420545
21.505,-26.91297598,-0.229419714
21.5075,-27.88941533,-0.225786976
21.51,-28.93219248,-0.222487846
21.5125,-30.05329467,-0.219490311
21.515,-31.2683771,-0.216764716
21.5175,-32.59837697,-0.214283644
21.52,-34.07207144,-0.212021796
21.5225,-35.7302478,-0.209955884
21.525,-37.63259181,-0.208064511
21.5275,-39.86848317,-0.206328072
21.53,-42.5674671,-0.204728641
21.5325,-45.84943876,-0.203249875
21.535,-49.22343786,-0.201876915
21.5375,-49.78800636,-0.200596292
21.54,-47.1693275,-0.199395833
21.5425,-44.45528256,-0.198264582
21.545,-42.32506253,-0.19719271
21.5475,-40.67639346,-0.196171441
21.55,-39.37591132,-0.195192972
21.5525,-38.33040707,-0.194250407
21.555,-37.47784735,-0.193337684
21.5575,-36.7761482,-0.192449512
21.56,-36.19588738,-0.19158131
21.5625,-35.71589026,-0.190729148
21.565,-35.32053153,-0.189889694
21.5675,-34.99804092,-0.189060161
21.57,-34.73940732,-0.188238256
21.5725,-34.53764996,-0.187422137
21.575,-34.38732178,-0.18661037
21.5775,-34.28416409,-0.185801886
21.58,-34.22486285,-0.184995944
21.5825,-34.2068751,-0.184192094
21.585,-34.22830553,-0.183390146
21.5875,-34.28781993,-0.182590137
21.59,-34.3845872,-0.181792303
21.5925,-34.51824447,-0.180997051
21.595,-34.68888228,-0.180204934
21.5975,-34.8970486,-0.179416627
21.6,-35.14377212,-0.178632908
21.6025,-35.43060683,-0.177854635
21.605,-35.75970226,-0.177082729
21.6075,-36.13390607,-0.176318158
21.61,-36.55691007,-0.17556192
21.6125,-37.03345639,-0.174815029
21.615,-37.56963043,-0.174078505
21.6175,-38.17328301,-0.173353358
21.62,-38.85465158,-0.172640582
21.6225,-39.62729973,-0.171941141
21.625,-40.50958745,-0.171255967
21.6275,-41.52706948,-0.170585944
21.63,-42.71661307,-0.169931911
21.6325,-44.13392665,-0.169294651
21.635,-45.86844634,-0.168674884
21.6375,-48.07574697,-0.168073271
21.64,-51.05585143,-0.167490403
21.6425,-55.43242004,-0.166926803
21.645,-61.03146377,-0.166382919
21.6475,-57.56547348,-0.165859131
21.65,-52.31795335,-0.165355741
21.6525,-48.78806124,-0.164872978
21.655,-46.2179664,-0.164410998
21.6575,-44.21019073,-0.163969881
21.66,-42.56678226,-0.163549635
21.6625,-41.17788526,-0.163150198
21.665,-39.97678342,-0.162771435
21.6675,-38.92007684,-0.162413145
21.67,-37.97799766,-0.162075061
21.6725,-37.12925752,-0.161756849
21.675,-36.35811105,-0.161458119
21.6775,-35.65258604,-0.16117842
21.68,-35.00336644,-0.160917244
21.6825,-34.40305979,-0.160674033
21.685,-33.84570069,-0.160448179
21.6875,-33.32640474,-0.160239028
21.69,-32.84112152,-0.160045885
21.6925,-32.38645426,-0.159868013
21.695,-31.95952595,-0.159704642
21.6975,-31.55787804,-0.159554969
21.7,-31.17939286,-0.159418161
21.7025,-30.82223315,-0.159293362
21.705,-30.48479463,-0.159179693
21.7075,-30.16566816,-0.159076257
21.71,-29.86360936,-0.158982143
21.7125,-29.57751398,-0.158896428
21.715,-29.30639775,-0.158818181
21.7175,-29.04937974,-0.158746466
21.72,-28.80566858,-0.158680346
21.7225,-28.57455089,-0.158618884
21.725,-28.35538165,-0.158561149
21.7275,-28.14757592,-0.158506216
21.73,-27.95060188,-0.158453171
21.7325,-27.76397487,-0.158401112
21.735,-27.58725228,-0.158349153
21.7375,-27.4200291,-0.158296426
21.74,-27.2619341,-0.158242082
21.7425,-27.11262651,-0.158185294
21.745,-26.97179312,-0.158125261
21.7475,-26.83914571,-0.158061207
21.75,-26.71441887,-0.157992385
21.7525,-26.597368,-0.157918077
21.755,-26.48776759,-0.157837598
21.7575,-26.38540969,-0.157750294
21.76,-26.29010255,-0.157655546
21.7625,-26.20166943,-0.15755277
21.765,-26.1199475,-0.157441418
21.7675,-26.04478693,-0.157320982
21.77,-25.97605002,-0.157190989
21.7725,-25.91361046,-0.157051005
21.775,-25.85735265,-0.156900638
21.7775,-25.8071711,-0.156739534
21.78,-25.76296993,-0.156567379
21.7825,-25.72466238,-0.1563839
21.785,-25.69217042,-0.156188863
21.7875,-25.66542436,-0.155982078
21.79,-25.64436257,-0.155763391
21.7925,-25.62893121,-0.155532691
21.795,-25.61908396,-0.155289907
21.7975,-25.6147819,-0.155035005
21.8,-25.61599329,-0.154767992
21.8025,-25.62269351,-0.154488914
21.805,-25.63486492,-0.154197851
21.8075,-25.65249688,-0.153894924
21.81,-25.67558565,-0.153580289
21.8125,-25.70413448,-0.153254135
21.815,-25.73815361,-0.152916687
21.8175,-25.77766038,-0.152568204
21.82,-25.82267933,-0.152208975
21.8225,-25.87324236,-0.151839322
21.825,-25.92938892,-0.151459595
21.8275,-25.99116625,-0.151070172
21.83,-26.05862963,-0.15067146
21.8325,-26.13184273,-0.15026389
21.835,-26.21087794,-0.149847919
21.8375,-26.29581684,-0.149424025
21.84,-26.38675063,-0.148992709
21.8425,-26.48378072,-0.14855449
21.845,-26.58701933,-0.148109908
21.8475,-26.69659019,-0.147659517
21.85,-26.81262932,-0.147203889
21.8525,-26.93528594,-0.146743607
21.855,-27.06472347,-0.146279269
21.8575,-27.20112067,-0.14581148
21.86,-27.34467288,-0.145340858
21.8625,-27.49559352,-0.144868024
21.865,-27.65411573,-0.14439361
21.8675,-27.8204942,-0.143918246
21.87,-27.99500731,-0.14344257
21.8725,-28.17795957,-0.142967218
21.875,-28.36968436,-0.142492826
21.8775,-28.57054712,-0.142020029
21.88,-28.78094903,-0.141549457
21.8825,-29.00133119,-0.141081736
21.885,-29.23217957,-0.140617485
21.8875,-29.47403068,-0.140157315
21.89,-29.72747827,-0.139701829
21.8925,-29.99318121,-0.139251617
21.895,-30.27187271,-0.138807259
21.8975,-30.56437137,-0.138369321
21.9,-30.87159439,-0.137938355
21.9025,-31.19457339,-0.137514897
21.905,-31.53447363,-0.137099465
21.9075,-31.89261746,-0.136692561
21.91,-32.2705132,-0.136294668
21.9125,-32.66989092,-0.135906247
21.915,-33.09274741,-0.13552774
21.9175,-33.54140304,-0.135159566
21.92,-34.01857474,-0.134802123
21.9225,-34.52747063,-0.134455784
21.925,-35.07191472,-0.134120897
21.9275,-35.65651364,-0.133797788
21.93,-36.28688358,-0.133486755
21.9325,-36.96996544,-0.133188072
21.935,-37.71447222,-0.132901986
21.9375,-38.53154074,-0.132628714
21.94,-39.43570886,-0.132368451
21.9425,-40.44643124,-0.132121361
21.945,-41.59052306,-0.131887581
21.9475,-42.90627928,-0.13166722
21.95,-44.45076966,-0.131460359
21.9525,-46.31339551,-0.13126705
21.955,-48.64148437,-0.131087319
21.9575,-51.67841517,-0.130921161
21.96,-55.63794136,-0.130768545
21.9625,-58.33345611,-0.130629411
21.965,-55.24575074,-0.130503674
21.9675,-51.38658378,-0.130391217
21.97,-48.45526215,-0.130291901
21.9725,-46.204211,-0.130205558
21.975,-44.40056104,-0.130131993
21.9775,-42.90427346,-0.130070989
21.98,-41.62999837,-0.130022301
21.9825,-40.5229722,-0.12998566
21.985,-39.54628198,-0.129960774
21.9875,-38.67398324,-0.129947329
21.99,-37.88719459,-0.129944987
21.9925,-37.17177013,-0.12995339
21.995,-36.51684993,-0.129972159
21.9975,-35.91392216,-0.130000896
22,-35.35619574,-0.130039183
22.0025,-34.83816854,-0.130086586
22.005,-34.35532249,-0.130142653
22.0075,-33.90390362,-0.130206916
22.01,-33.48076009,-0.130278895
22.0125,-33.08322097,-0.130358095
22.015,-32.70900399,-0.130444007
22.0175,-32.35614444,-0.130536114
22.02,-32.02293957,-0.130633887
22.0225,-31.70790471,-0.130736788
22.025,-31.40973821,-0.130844273
22.0275,-31.12729322,-0.130955791
22.03,-30.85955466,-0.131070785
22.0325,-30.60562041,-0.131188695
22.035,-30.36468579,-0.131308959
22.0375,-30.13603057,-0.131431012
22.04,-29.9190082,-0.131554291
22.0425,-29.71303666,-0.131678233
22.045,-29.51759081,-0.131802278
22.0475,-29.33219574,-0.131925869
22.05,-29.15642126,-0.132048455
22.0525,-28.98987705,-0.132169492
22.055,-28.83220852,-0.132288443
22.0575,-28.68309322,-0.132404777
22.06,-28.54223777,-0.132517978
22.0625,-28.4093751,-0.132627538
22.065,-28.28426217,-0.132732963
22.0675,-28.16667781,-0.132833771
22.07,-28.05642102,-0.132929497
22.0725,-27.95330933,-0.133019689
22.075,-27.85717739,-0.133103916
22.0775,-27.76787584,-0.13318176
22.08,-27.68527015,-0.133252827
22.0825,-27.60923973,-0.133316739
22.085,-27.5396771,-0.133373143
22.0875,-27.4764872,-0.133421704
22.09,-27.41958673,-0.133462113
22.0925,-27.36890365,-0.133494083
22.095,-27.32437674,-0.133517352
22.0975,-27.28595517,-0.133531683
22.1,-27.25359824,-0.133536865
22.1025,-27.2272751,-0.133532713
22.105,-27.20696457,-0.133519072
22.1075,-27.19265503,-0.13349581
22.11,-27.1843443,-0.133462829
22.1125,-27.18203969,-0.133420054
22.115,-27.18575796,-0.133367443
22.1175,-27.19552546,-0.133304982
22.12,-27.21137828,-0.133232688
22.1225,-27.23336243,-0.133150606
22.125,-27.26153414,-0.133058812
22.1275,-27.29596016,-0.132957413
22.13,-27.33671819,-0.132846545
22.1325,-27.38389734,-0.132726375
22.135,-27.43759869,-0.132597101
22.1375,-27.49793593,-0.132458948
22.14,-27.56503613,-0.132312174
22.1425,-27.63904054,-0.132157065
22.145,-27.72010559,-0.131993936
22.1475,-27.80840402,-0.131823131
22.15,-27.90412609,-0.131645023
22.1525,-28.00748107,-0.13146001
22.155,-28.11869881,-0.13126852
22.1575,-28.2380317,-0.131071006
22.16,-28.36575669,-0.130867946
22.1625,-28.50217783,-0.130659845
22.165,-28.64762898,-0.130447229
22.1675,-28.8024771,-0.130230648
22.17,-28.96712591,-0.130010675
22.1725,-29.14202016,-0.129787902
22.175,-29.32765068,-0.129562941
22.1775,-29.52456013,-0.129336424
22.18,-29.7333498,-0.129108998
22.1825,-29.95468763,-0.128881327
22.185,-30.18931766,-0.128654089
22.1875,-30.43807126,-0.128427974
22.19,-30.70188058,-0.128203686
22.1925,-30.98179474,-0.127981935
22.195,-31.27899943,-0.127763443
22.1975,-31.59484087,-0.127548936
22.2,-31.93085524,-0.127339145
22.2025,-32.28880533,-0.127134806
22.205,-32.67072638,-0.126936653
22.2075,-33.07898416,-0.126745423
22.21,-33.51634949,-0.126561846
22.2125,-33.98609476,-0.126386652
22.215,-34.49212101,-0.126220562
22.2175,-35.03912767,-0.126064288
22.22,-35.63284312,-0.125918534
22.2225,-36.28034392,-0.125783988
22.225,-36.9905064,-0.125661328
22.2275,-37.77466049,-0.12555121
22.23,-38.6475621,-0.125454276
22.2325,-39.62888218,-0.125371144
22.235,-40.74555984,-0.12530241
22.2375,-42.03563931,-0.125248646
22.24,-43.55466716,-0.125210394
22.2425,-45.38615612,-0.125188171
22.245,-47.6550329,-0.125182459
22.2475,-50.50957734,-0.125193708
22.25,-53.73867839,-0.125222334
22.2525,-54.88098563,-0.125268714
22.255,-52.19271509,-0.125333186
22.2575,-48.97865471,-0.125416048
22.26,-46.35388683,-0.125517555
22.2625,-44.24959501,-0.125637915
22.265,-42.51904656,-0.125777292
22.2675,-41.05801057,-0.125935802
22.27,-39.79758604,-0.12611351
22.2725,-38.6913928,-0.126310431
22.275,-37.70717517,-0.126526528
22.2775,-36.8217628,-0.126761708
22.28,-36.01802371,-0.127015825
22.2825,-35.28296892,-0.127288676
22.285,-34.60653528,-0.127580002
22.2875,-33.98077948,-0.127889486
22.29,-33.39932921,-0.128216752
22.2925,-32.85699986,-0.128561365
22.295,-32.34952077,-0.12892283
22.2975,-31.87333575,-0.129300594
22.3,-31.4254551,-0.129694042
22.3025,-31.00334406,-0.1301025
22.305,-30.60483745,-0.130525236
22.3075,-30.22807354,-0.130961458
22.31,-29.87144218,-0.131410314
22.3125,-29.5335437,-0.131870896
22.315,-29.21315602,-0.132342241
22.3175,-28.90920808,-0.132823328
22.32,-28.62075822,-0.133313084
22.3225,-28.34697643,-0.133810383
22.325,-28.08712981,-0.134314051
22.3275,-27.84057036,-0.134822865
22.33,-27.60672493,-0.135335556
22.3325,-27.38508675,-0.135850815
22.335,-27.17520829,-0.136367292
22.3375,-26.97669535,-0.136883602
22.34,-26.78920199,-0.137398328
22.3425,-26.61242628,-0.137910024
22.345,-26.4461068,-0.138417222
22.3475,-26.29001965,-0.138918432
22.35,-26.14397597,-0.139412152
22.3525,-26.00781994,-0.139896871
22.355,-25.8814272,-0.140371075
22.3575,-25.76470357,-0.140833253
22.36,-25.65758415,-0.141281903
22.3625,-25.56003273,-0.141715541
22.365,-25.47204149,-0.142132704
22.3675,-25.393631,-0.142531964
22.37,-25.32485051,-0.14291193
22.3725,-25.26577856,-0.143271261
22.375,-25.21652389,-0.143608673
22.3775,-25.17722667,-0.143922949
22.38,-25.14806013,-0.144212949
22.3825,-25.12923253,-0.144477622
22.385,-25.1209897,-0.144716013
22.3875,-25.12361791,-0.14492728
22.39,-25.13744749,-0.145110703
22.3925,-25.16285705,-0.145265697
22.395,-25.20027848,-0.145391826
22.3975,-25.250203,-0.145488816
22.4,-25.31318817,-0.145556571
22.4025,-25.38986645,-0.145595188
22.405,-25.4809553,-0.14560497
22.4075,-25.58726932,-0.145586448
22.41,-25.70973493,-0.14554039
22.4125,-25.8494082,-0.145467829
22.415,-26.00749655,-0.145370072
22.4175,-26.18538556,-0.145248726
22.42,-26.38467208,-0.145105715
22.4225,-26.60720587,-0.1449433
22.425,-26.8551421,-0.144764103
22.4275,-27.13100857,-0.144571129
22.43,-27.43779272,-0.144367785
22.4325,-27.77905587,-0.144157911
22.435,-28.15908554,-0.143945796
22.4375,-28.5831021,-0.143736212
22.44,-29.0575446,-0.143534433
22.4425,-29.59047523,-0.143346269
22.445,-30.19216632,-0.143178086
22.4475,-30.87597787,-0.143036841
22.45,-31.65971583,-0.142930107
22.4525,-32.56782229,-0.142866108
22.455,-33.63508485,-0.142853744
22.4575,-34.91330345,-0.142902624
22.46,-36.48417123,-0.143023103
22.4625,-38.48639597,-0.143226307
22.465,-41.17786853,-0.143524171
22.4675,-45.06623127,-0.143929472
22.47,-50.26853371,-0.144455861
22.4725,-48.46930966,-0.1451179
22.475,-43.09423853,-0.145931093
22.4775,-39.29982828,-0.146911924
22.48,-36.50824894,-0.148077889
22.4825,-34.30625515,-0.149447531
22.485,-32.48343356,-0.151040474
22.4875,-30.92321589,-0.152877455
22.49,-29.55519949,-0.154980358
22.4925,-28.33385601,-0.157372246
22.495,-27.22813177,-0.160077388
22.4975,-26.21593406,-0.16312129
22.5,-25.28100199,-0.166530724
22.5025,-24.41102855,-0.170333749
22.505,-23.59648002,-0.174559736
22.5075,-22.82982449,-0.179239387
22.51,-22.10501068,-0.184404752
22.5125,-21.41710586,-0.190089243
22.515,-20.762038,-0.19632764
22.5175,-20.1364081,-0.203156102
22.52,-19.53735114,-0.210612161
22.5225,-18.96243114,-0.21873472
22.525,-18.40956085,-0.227564041
22.5275,-17.87693943,-0.237141731
22.53,-17.36300349,-0.247510713
22.5325,-16.86638818,-0.2587152
22.535,-16.38589598,-0.270800653
22.5375,-15.92047138,-0.283813738
22.54,-15.46918021,-0.297802268
22.5425,-15.0311926,-0.312815138
22.545,-14.60576881,-0.328902254
22.5475,-14.1922474,-0.346114449
22.55,-13.79003525,-0.36450339
22.5525,-13.39859912,-0.384121474
22.555,-13.01745846,-0.405021714
22.5575,-12.64617918,-0.427257616
22.56,-12.28436837,-0.450883046
22.5625,-11.93166961,-0.475952082
22.565,-11.58775901,-0.502518863
22.5675,-11.2523416,-0.530637423
22.57,-10.92514825,-0.560361519
22.5725,-10.60593292,-0.591744451
22.575,-10.29447015,-0.624838872
22.5775,-9.990552927,-0.65969659
22.58,-9.693990665,-0.696368375
22.5825,-9.404607461,-0.734903744
22.585,-9.122240481,-0.77535076
22.5875,-8.846738501,-0.81775582
22.59,-8.577960586,-0.862163445
22.5925,-8.315774884,-0.90861607
22.595,-8.060057521,-0.957153844
22.5975,-7.810691593,-1.007814427
22.6,-7.567566246,-1.060632799
22.6025,-7.330575828,-1.115641075
22.605,-7.099619119,-1.172868334
22.6075,-6.874598626,-1.232340455
22.61,-6.655419943,-1.294079975
22.6125,-6.441991167,-1.358105953
22.615,-6.234222373,-1.424433861
22.6175,-6.032025141,-1.493075483
22.62,-5.835312135,-1.56403884
22.6225,-5.643996727,-1.637328137
22.625,-5.457992677,-1.71294372
22.6275,-5.277213841,-1.790882071
22.63,-5.101573943,-1.871135805
22.6325,-4.930986365,-1.953693705
22.635,-4.765363991,-2.038540769
22.6375,-4.604619081,-2.125658279
22.64,-4.448663182,-2.21502389
22.6425,-4.297407063,-2.306611739
22.645,-4.150760692,-2.400392568
22.6475,-4.008633228,-2.496333868
22.65,-3.870933044,-2.594400032
22.6525,-3.737567772,-2.694552527
22.655,-3.608444364,-2.79675007
22.6575,-3.483469174,-2.900948819
22.66,-3.362548053,-3.007102573
22.6625,-3.24558646,-3.115162967
22.665,-3.132489572,-3.22507969
22.6675,-3.023162419,-3.336800684
22.67,-2.917510008,-3.450272358
22.6725,-2.815437465,-3.565439798
22.675,-2.716850166,-3.682246971
22.6775,-2.621653879,-3.800636928
22.68,-2.5297549,-3.920552
22.6825,-2.441060184,-4.041933994
22.685,-2.355477478,-4.164724368
22.6875,-2.272915443,-4.288864417
22.69,-2.193283776,-4.414295432
22.6925,-2.116493321,-4.54095886
22.695,-2.042456172,-4.668796456
22.6975,-1.971085772,-4.797750413
22.7,-1.902297007,-4.927763498
22.7025,-1.836006278,-5.058779164
22.705,-1.77213158,-5.190741659
22.7075,-1.710592567,-5.323596122
22.71,-1.651310603,-5.457288673
22.7125,-1.594208816,-5.591766484
22.715,-1.539212132,-5.726977855
22.7175,-1.486247313,-5.862872264
22.72,-1.435242975,-5.999400425
22.7225,-1.386129615,-6.136514324
22.725,-1.338839614,-6.274167258
22.7275,-1.293307248,-6.412313855
22.73,-1.249468682,-6.550910103
22.7325,-1.20726197,-6.689913356
22.735,-1.16662704,-6.829282345
22.7375,-1.12750568,-6.968977182
22.74,-1.089841518,-7.108959355
22.7425,-1.053579999,-7.24919172
22.745,-1.01866836,-7.389638497
22.7475,-0.985055598,-7.530265246
22.75,-0.952692441,-7.671038857
22.7525,-0.921531312,-7.811927526
22.755,-0.891526294,-7.952900734
22.7575,-0.862633091,-8.093929219
22.76,-0.834808993,-8.234984953
22.7625,-0.808012831,-8.37604111
22.765,-0.782204941,-8.517072039
22.7675,-0.75734712,-8.658053234
22.77,-0.733402586,-8.798961299
22.7725,-0.710335937,-8.93977392
22.775,-0.688113105,-9.080469828
22.7775,-0.666701321,-9.221028773
22.78,-0.646069068,-9.361431484
22.7825,-0.626186045,-9.501659642
22.785,-0.60702312,-9.641695846
22.7875,-0.588552298,-9.781523578
22.79,-0.570746678,-9.921127174
22.7925,-0.553580412,-10.06049179
22.795,-0.537028671,-10.19960338
22.7975,-0.521067611,-10.33844866
22.8,-0.505674327,-10.47701506
22.8025,-0.49082683,-10.61529073
22.805,-0.476504003,-10.75326449
22.8075,-0.462685576,-10.8909258
22.81,-0.449352088,-11.02826476
22.8125,-0.436484856,-11.16527203
22.815,-0.42406595,-11.30193886
22.8175,-0.412078158,-11.43825706
22.82,-0.40050496,-11.57421893
22.8225,-0.389330502,-11.70981728
22.825,-0.378539565,-11.8450454
22.8275,-0.368117545,-11.97989703
22.83,-0.358050426,-12.11436634
22.8325,-0.348324754,-12.24844793
22.835,-0.33892762,-12.38213679
22.8375,-0.329846629,-12.51542827
22.84,-0.321069889,-12.64831809
22.8425,-0.312585983,-12.78080233
22.845,-0.304383953,-12.91287736
22.8475,-0.296453281,-13.0445399
22.85,-0.288783869,-13.17578693
22.8525,-0.281366022,-13.30661575
22.855,-0.274190436,-13.43702389
22.8575,-0.267248174,-13.56700916
22.86,-0.260530658,-13.6965696
22.8625,-0.254029648,-13.82570348
22.865,-0.247737233,-13.9544093
22.8675,-0.241645816,-14.08268575
22.87,-0.235748099,-14.21053174
22.8725,-0.230037071,-14.33794635
22.875,-0.224506001,-14.46492884
22.8775,-0.219148418,-14.59147863
22.88,-0.213958107,-14.71759532
22.8825,-0.208929096,-14.84327866
22.885,-0.204055645,-14.96852851
22.8875,-0.19933224,-15.0933449
22.89,-0.194753578,-15.21772798
22.8925,-0.190314563,-15.34167802
22.895,-0.186010296,-15.46519539
22.8975,-0.181836067,-15.58828059
22.9,-0.177787346,-15.71093422
22.9025,-0.173859777,-15.83315697
22.905,-0.170049171,-15.95494961
22.9075,-0.166351499,-16.07631302
22.91,-0.162762884,-16.19724814
22.9125,-0.159279597,-16.317756
22.915,-0.155898048,-16.43783771
22.9175,-0.152614786,-16.55749442
22.92,-0.149426486,-16.67672737
22.9225,-0.146329949,-16.79553784
22.925,-0.143322096,-16.9139272
22.9275,-0.140399962,-17.03189683
22.93,-0.137560692,-17.14944819
22.9325,-0.134801537,-17.26658279
22.935,-0.132119849,-17.38330216
22.9375,-0.129513078,-17.4996079
22.94,-0.126978766,-17.61550163
22.9425,-0.124514547,-17.73098504
22.945,-0.12211814,-17.84605981
22.9475,-0.119787347,-17.96072771
22.95,-0.117520049,-18.0749905
22.9525,-0.115314203,-18.18885002
22.955,-0.113167843,-18.30230812
22.9575,-0.111079068,-18.41536669
22.96,-0.109046049,-18.52802769
22.9625,-0.107067021,-18.64029309
22.965,-0.105140281,-18.75216495
22.9675,-0.103264186,-18.86364538
22.97,-0.101437154,-18.97473654
22.9725,-0.099657653,-19.08544068
22.975,-0.09792421,-19.19576009
22.9775,-0.096235401,-19.30569706
22.98,-0.094589851,-19.41525372
22.9825,-0.092986233,-19.52443172
22.985,-0.091423268,-19.63323149
22.9875,-0.089899718,-19.74165104
22.99,-0.088414388,-19.84968485
22.9925,-0.086966126,-19.95732466
22.995,-0.085553817,-20.06456548
22.9975,-0.084176386,-20.17141364
23,-0.082832791,-20.27788598
23.0025,-0.081522028,-20.38399879
23.005,-0.080243127,-20.48976048
23.0075,-0.078995148,-20.59517289
23.01,-0.077777185,-20.70023518
23.0125,-0.07658836,-20.80494635
23.015,-0.075427826,-20.90930597
23.0175,-0.074294762,-21.01331431
23.02,-0.073188375,-21.11697217
23.0225,-0.0721079,-21.22028073
23.025,-0.071052593,-21.32324139
23.0275,-0.070021737,-21.42585573
23.03,-0.069014637,-21.5281254
23.0325,-0.068030623,-21.63005215
23.035,-0.067069043,-21.73163775
23.0375,-0.066129268,-21.83288399
23.04,-0.065210689,-21.93379268
23.0425,-0.064312716,-22.03436563
23.045,-0.063434778,-22.13460467
23.0475,-0.062576322,-22.23451161
23.05,-0.061736813,-22.33408825
23.0525,-0.060915731,-22.43333641
23.055,-0.060112576,-22.53225788
23.0575,-0.059326859,-22.63085445
23.06,-0.05855811,-22.72912791
23.0625,-0.057805871,-22.82708002
23.065,-0.057069701,-22.92471256
23.0675,-0.056349169,-23.02202727
23.07,-0.05564386,-23.1190259
23.0725,-0.05495337,-23.21571019
23.075,-0.054277309,-23.31208185
23.0775,-0.053615298,-23.40814261
23.08,-0.052966969,-23.50389417
23.0825,-0.052331965,-23.59933821
23.085,-0.051709942,-23.69447643
23.0875,-0.051100563,-23.7893105
23.09,-0.050503503,-23.88384207
23.0925,-0.049918447,-23.9780728
23.095,-0.049345088,-24.07200433
23.0975,-0.048783129,-24.16563828
23.1,-0.048232281,-24.25897628
23.1025,-0.047692265,-24.35201993
23.105,-0.047162808,-24.44477082
23.1075,-0.046643647,-24.53723056
23.11,-0.046134525,-24.6294007
23.1125,-0.045635194,-24.72128282
23.115,-0.045145412,-24.81287847
23.1175,-0.044664944,-24.90418919
23.12,-0.044193562,-24.99521651
23.1225,-0.043731045,-25.08596196
23.125,-0.043277177,-25.17642704
23.1275,-0.04283175,-25.26661326
23.13,-0.04239456,-25.35652211
23.1325,-0.041965409,-25.44615506
23.135,-0.041544107,-25.53551358
23.1375,-0.041130466,-25.62459914
23.14,-0.040724305,-25.71341317
23.1425,-0.040325447,-25.80195712
23.145,-0.039933722,-25.89023242
23.1475,-0.039548962,-25.97824047
23.15,-0.039171006,-26.0659827
23.1525,-0.038799695,-26.15346048
23.155,-0.038434877,-26.24067521
23.1575,-0.038076401,-26.32762827
23.16,-0.037724123,-26.41432101
23.1625,-0.037377902,-26.50075481
23.165,-0.037037601,-26.58693099
23.1675,-0.036703084,-26.67285091
23.17,-0.036374223,-26.75851588
23.1725,-0.03605089,-26.84392722
23.175,-0.035732962,-26.92908625
23.1775,-0.035420319,-27.01399424
23.18,-0.035112844,-27.09865251
23.1825,-0.034810423,-27.18306232
23.185,-0.034512946,-27.26722494
23.1875,-0.034220304,-27.35114163
23.19,-0.033932392,-27.43481365
23.1925,-0.033649107,-27.51824223
23.195,-0.033370351,-27.6014286
23.1975,-0.033096024,-27.684374
23.2,-0.032826034,-27.76707963
23.2025,-0.032560287,-27.8495467
23.205,-0.032298693,-27.93177641
23.2075,-0.032041165,-28.01376994
23.21,-0.031787618,-28.09552848
23.2125,-0.031537967,-28.17705318
23.215,-0.031292132,-28.25834523
23.2175,-0.031050033,-28.33940575
23.22,-0.030811593,-28.42023592
23.2225,-0.030576737,-28.50083685
23.225,-0.030345392,-28.58120968
23.2275,-0.030117485,-28.66135552
23.23,-0.029892947,-28.74127549
23.2325,-0.02967171,-28.8209707
23.235,-0.029453707,-28.90044223
23.2375,-0.029238873,-28.97969118
23.24,-0.029027144,-29.05871862
23.2425,-0.02881846,-29.13752563
23.245,-0.02861276,-29.21611326
23.2475,-0.028409985,-29.29448259
23.25,-0.028210077,-29.37263464
23.2525,-0.028012981,-29.45057048
23.255,-0.027818641,-29.52829112
23.2575,-0.027627004,-29.6057976
23.26,-0.027438018,-29.68309093
23.2625,-0.027251632,-29.76017212
23.265,-0.027067797,-29.83704218
23.2675,-0.026886462,-29.91370211
23.27,-0.026707582,-29.99015289
23.2725,-0.02653111,-30.06639551
23.275,-0.026356999,-30.14243095
23.2775,-0.026185207,-30.21826016
23.28,-0.02601569,-30.29388411
23.2825,-0.025848405,-30.36930377
23.285,-0.02568331,-30.44452007
23.2875,-0.025520367,-30.51953395
23.29,-0.025359535,-30.59434636
23.2925,-0.025200775,-30.66895821
23.295,-0.025044051,-30.74337043
23.2975,-0.024889324,-30.81758394
23.3,-0.02473656,-30.89159965
23.3025,-0.024585721,-30.96541844
23.305,-0.024436776,-31.03904123
23.3075,-0.024289688,-31.1124689
23.31,-0.024144426,-31.18570233
23.3125,-0.024000957,-31.25874241
23.315,-0.02385925,-31.33158999
23.3175,-0.023719273,-31.40424595
23.32,-0.023580997,-31.47671115
23.3225,-0.023444392,-31.54898643
23.325,-0.023309429,-31.62107265
23.3275,-0.023176079,-31.69297064
23.33,-0.023044316,-31.76468124
23.3325,-0.022914111,-31.83620529
23.335,-0.022785438,-31.9075436
23.3375,-0.022658272,-31.97869699
23.34,-0.022532587,-32.04966628
23.3425,-0.022408357,-32.12045227
23.345,-0.022285559,-32.19105577
23.3475,-0.022164168,-32.26147756
23.35,-0.022044162,-32.33171845
23.3525,-0.021925517,-32.40177921
23.355,-0.021808211,-32.47166063
23.3575,-0.021692221,-32.54136347
23.36,-0.021577527,-32.61088852
23.3625,-0.021464107,-32.68023653
23.365,-0.02135194,-32.74940827
23.3675,-0.021241007,-32.81840448
23.37,-0.021131287,-32.88722593
23.3725,-0.021022761,-32.95587334
23.375,-0.020915409,-33.02434746
23.3775,-0.020809214,-33.09264903
23.38,-0.020704157,-33.16077877
23.3825,-0.020600219,-33.2287374
23.385,-0.020497383,-33.29652566
23.3875,-0.020395633,-33.36414425
23.39,-0.02029495,-33.43159388
23.3925,-0.020195318,-33.49887526
23.395,-0.020096722,-33.56598908
23.3975,-0.019999145,-33.63293606
23.4,-0.019902571,-33.69971687
23.4025,-0.019806985,-33.76633221
23.405,-0.019712372,-33.83278275
23.4075,-0.019618717,-33.89906918
23.41,-0.019526005,-33.96519217
23.4125,-0.019434223,-34.03115239
23.415,-0.019343356,-34.09695051
23.4175,-0.019253391,-34.16258718
23.42,-0.019164314,-34.22806306
23.4225,-0.019076112,-34.29337881
23.425,-0.018988772,-34.35853508
23.4275,-0.018902281,-34.4235325
23.43,-0.018816627,-34.48837172
23.4325,-0.018731797,-34.55305337
23.435,-0.018647779,-34.61757809
23.4375,-0.018564562,-34.68194651
23.44,-0.018482134,-34.74615924
23.4425,-0.018400483,-34.81021691
23.445,-0.018319598,-34.87412014
23.4475,-0.018239469,-34.93786954
23.45,-0.018160084,-35.00146571
23.4525,-0.018081432,-35.06490926
23.455,-0.018003504,-35.12820079
23.4575,-0.017926288,-35.1913409
23.46,-0.017849776,-35.25433018
23.4625,-0.017773956,-35.31716923
23.465,-0.017698819,-35.37985862
23.4675,-0.017624356,-35.44239895
23.47,-0.017550558,-35.50479078
23.4725,-0.017477414,-35.5670347
23.475,-0.017404915,-35.62913128
23.4775,-0.017333054,-35.69108108
23.48,-0.017261821,-35.75288467
23.4825,-0.017191207,-35.81454261
23.485,-0.017121203,-35.87605547
23.4875,-0.017051803,-35.93742378
23.49,-0.016982996,-35.99864812
23.4925,-0.016914775,-36.05972901
23.495,-0.016847133,-36.12066702
23.4975,-0.016780061,-36.18146267
23.5,-0.016713551,-36.24211651
